ingredient_extracted,ingredient_standardized,frecuencia
sal,sal,149
agua,agua,140
sal y pimienta,sal y pimienta,137
azucar,azucar,107
cilantro,cilantro,99
ajo,ajo,98
comino,comino,98
mantequilla,mantequilla,88
cebolla,cebolla,84
leche,leche,46
extracto de vainilla,extracto de vainilla,46
aceite de oliva,aceite de oliva,46
cebollas largas,cebolla larga,43
aceite vegetal para freir,aceite vegetal,38
aceite vegetal,aceite vegetal,35
jugo de limon,jugo de limon,30
crema de leche,crema de leche,29
queso mozzarella,queso mozzarella,26
huevos,huevo,25
polvo de hornear,polvo de hornear,24
canela,canela,22
pimenton rojo,pimenton,22
cebolla blanca,cebolla,21
pimienta,pimienta,20
tomate,tomate,20
leche entera,leche,19
cebolla larga,cebolla larga,19
hielo,hielo,18
perejil,perejil,18
huevo,huevo,18
mayonesa,mayonesa,18
harina,harina,17
harina para todo uso,harina para todo uso,17
caldo de pollo,caldo de pollo,17
azuucar,azuucar,17
vinagre blanco,vinagre,16
leche de coco,leche de coco,16
achiote,achiote,16
aceite,aceite,16
comino en polvo,comino,15
polvo para hornear,polvo para hornear,14
huevos batidos,huevo batido,14
coco,coco,14
caldo de carne,caldo de carne,14
leche condensada,leche condensada,13
salsa de tomate,tomate,13
carne de res,carne de res,12
pasta de tomate,tomate,12
huevos grandes a temperatura ambiente,huevo a temperatura ambiente,11
platanos verdes pelados y,platano,11
queso mozzarella o queso blanco,queso mozzarella,11
el jugo de 1 limon,jugo de 1 limon,11
pimenton verde,pimenton,10
hogao,hogao,10
azucar o,azucar,10
masarepa,harina de arepa,10
leche evaporada,leche evaporada,10
arvejas,arveja,10
ajo machacados,ajo machacado,10
zanahorias,zanahoria,10
arroz,arroz,9
azucar en polvo,azucar en polvo,9
yemas de huevo,yema de huevo,9
pimenton,pimenton,9
claras de huevo,clara de huevo,9
tomillo,tomillo,8
tomates,tomate,8
sazon con azafran,sazon,8
arroz blanco,arroz,8
harina de trigo,harina de trigo,8
laurel,laurel,8
cremor tartaro,cremor tartaro,8
pimienton rojo,pimienton rojo,8
sal y pimienta negra,sal y pimienta negra,8
cebolla verde,cebolla,8
cilantro para servir,cilantro,7
achiote o color,achiote,7
papas peladas y,papa,7
cebolla roja,cebolla,7
mantequilla blanda,mantequilla blanda,7
astilla de canela,astilla de canela,7
jugo de naranja,jugo de naranja,7
mantequilla sin sal,mantequilla sin sal,7
mantequilla para el glaseado,mantequilla para el glaseado,7
yuca,yuca,6
aceite para freir,aceite para freir,6
palitos de canela,palito de canela,6
salsa rosada,salsa rosada,6
camarones grandes pelados y limpios,camaron,6
pan,pan,6
agua helada,agua helada,6
salsa picante,salsa picante,6
arroz blanco de grano largo,arroz de grano largo,6
cerveza,cerveza,6
mostaza,mostaza,6
cebollas largas pequenos,cebolla larga,6
ajo en polvo,ajo en polvo,6
mantequilla a temperatura ambiente,mantequilla a temperatura ambiente,6
dulce de leche,dulce de leche,5
el jugo de 2 limones,jugo de 2 limon,5
mantequilla o aceite en aerosol para cocinar las arepas,mantequilla o aceite en aerosol para cocinar las arepa,5
sal y pimienta para probar,sal y pimienta para probar,5
azucar morena o panela,azucar morena o panela,5
zanahoria y,zanahoria,5
harina de maiz precocida masarepa,harina de arepa,5
aguacate y,aguacate,5
aguacate para servir,aguacate para servir,5
astillas de canela,astilla de canela,5
fresas,fresa,5
levadura,levadura,5
14 onzas de leche condensada,14 onza de leche condensada,5
carne molida de res,carne molida de res,5
zanahorias peladas y,zanahoria,5
pechugas de pollo,pollo,5
pina y,pina,5
zanahorias grandes peladas y,zanahoria,5
perejil 1 poco mas para adornar,perejil 1 poco mas para adornar,5
pimienta negra,pimienta,5
carne molida de cerdo,carne molida de cerdo,5
panela o azucar morena,panela o azucar morena,5
panela,panela,5
cilantro para adornar,cilantro,5
sal a su gusto,sal a su gusto,5
papa criolla,papa criolla,5
yuca o congelada,yuca,5
yuca y,yuca,5
huevo para el glaseado,huevo para el glaseado,5
harina de maiz,harina de maiz,5
cilantro o perejil,cilantro,4
salsa de alinos ver receta aqui,salsa de alino ver receta aqui,4
salsa de alinos ver la receta aqui,salsa de alino ver la receta aqui,4
naranja,naranja,4
pina,pina,4
helado de vainilla para servir,helado de vainilla para servir,4
platano verde y,platano,4
pollo,pollo,4
platanos verdes,platano,4
pescado blanco,pescado,4
cebolla en polvo,cebolla,4
platanos muy maduros,platano,4
patacones receta aqui,patacon receta aqui,4
carne molida,carne molida,4
pimiento rojo,pimienton rojo,4
arequipe o dulce de leche,arequipe o dulce de leche,4
fecula de maiz,fecula de maiz,4
arepas cocinadas,arepa cocinada,4
to mate,to mate,4
maiz blanco,maiz,4
el jugo de 1/2 limon,jugo de 1 2 limon,4
mantequilla o aceite,mantequilla o aceite,4
azucar para adornar,azucar para adornar,4
extracto de coco,extracto de coco,4
hojas de cilantro,cilantro,4
huevos grandes,huevo,4
harina de yuca,yuca,4
agua o mas si es necesario,agua o mas si es necesario,4
aguacate,aguacate,4
huevos enteros,huevo entero,4
huevos separados,huevo separado,4
lentejas,lenteja,4
ciruelas pasas sin semilla,ciruela pasa sin semilla,4
salsa de alinos,salsa de alino,4
papa y,papa,4
bicarbonato de soda,bicarbonato de soda,4
bicarbonato de sodio,bicarbonato de sodio,4
papaya,papa,4
queso,queso,4
aguacates pequenos,aguacat,3
harina de trigo para todo uso,harina de trigo para todo uso,3
harina de maiz masarepa,harina de arepa,3
harina de maiz precocida o masarepa,harina de arepa,3
aguardiente,aguardiente,3
aji,aji,3
tomates frescos,tomate,3
tomates medianos,tomate,3
azucar o a tu gusto,azucar o a tu gusto,3
mazorcas,mazorca,3
mantequilla sin sal o mas segun sea necesario,mantequilla sin sal o mas segun sea necesario,3
esencia de vainilla,esencia de vainilla,3
semillas de vainilla o esencia,semilla de vainilla o esencia,3
granos de maiz,grano de maiz,3
granos de maiz dulce,grano de maiz dulce,3
lechuga,lechuga,3
tableta de caldo de pollo,caldo de pollo,3
anis,anis,3
maiz cocinado,maiz cocinado,3
maiz para envolver,maiz para envolver,3
sazon con color,sazon con color,3
sazon con azafran o color,sazon con azafran o color,3
maizena almidon de maiz,maizena almidon de maiz,3
semillas de anis,semilla de anis,3
vino blanco,vino,3
jamon,jamon,3
huevos fritos o revueltos para servir,huevo frito o revuelto para servir,3
hogao ver la receta aqui,hogao ver la receta aqui,3
4 cucharadas de agua,4 cucharada de agua,3
zanahorias ralladas,zanahoria,3
vino tinto,vino tinto,3
vainilla,vainilla,3
oregano,oregano,3
nuez moscada,nuez moscada,3
costillas de res,costilla de res,3
crema,crema,3
sal y pimienta negro,sal y pimienta negro,3
sal y pimienta a su gusto,sal y pimienta a su gusto,3
salchichas,salchicha,3
mazorcas frescas de maiz con hojas,mazorca de maiz con hoja,3
queso costeno o queso feta,queso costeno o queso feta,3
caldo de res,caldo de res,3
chicharrones,chicharron,3
queso o cuajada,queso o cuajada,3
queso y mantequilla para servir,queso y mantequilla para servir,3
queso o queso blanco para servir,queso o queso para servir,3
pasas,pasa,3
pasta de guayaba,pasta de guayaba,3
queso o,queso,3
coca cola,coca cola,3
papas grandes peladas y,papa,3
cafe bien fuerte,cafe bien fuerte,3
azucar y 1 poco mas para adornar,azucar y 1 poco mas para adornar,3
queso mozarella o blanco,queso mozarella,3
bocadilllo de guayaba,bocadilllo de guayaba,3
bocadillo de guayaba,bocadillo de guayaba,3
queso costeno para servir,queso costeno para servir,3
chicharrones cocinados,chicharron cocinado,3
chocolate dulce,chocolate dulce,3
chocolate en polvo,chocolate en polvo,3
canela en polvo,canela en polvo,3
canela para servir,canela para servir,3
platanos bien maduros pelados y en 4 cada uno,platano,3
platanos bien maduros,platano,3
carne de cerdo pequenos,carne de cerdo,3
platano,platano,3
pita de cocina,pita de cocina,3
platanos grandes maduros,platano,3
platano y,platano,3
huevos a temperatura ambiente,huevo a temperatura ambiente,3
y 1/2 tazas de queso,1 2 taza de queso,3
yuca congelada o,yuca,3
1/2 tazas de agua,1 2 taza de agua,2
yuca ver receta,yuca,2
yuca grandes,yuca,2
yema de huevo,yema de huevo,2
y 1/4 cucharaditas de levadura,1 4 cucharadita de levadura,2
y 1/2 tazas de harina para todo uso,1 2 taza de harina para todo uso,2
aceite o mantequilla,aceite o mantequilla,2
hogao mira la receta,hogao mira la receta,2
hogao guacamole o aji para servir,hogao guacamole o aji para servir,2
harina tamizada,harina tamizada,2
huevo para el esmalte,huevo para el esmalte,2
huevo ligeramente,huevo ligeramente,2
huevo a temperatura ambiente,huevo a temperatura ambiente,2
hojuelas de pimienta roja,hojuela de pimienta,2
hojas de hojaldre descongelado,hoja de hojaldre descongelado,2
pitillo y cuchara para servir,pitillo y cuchara para servir,2
pin,pin,2
pimienton verde,pimienton verde,2
cebolla blanca en rebanadas finas,cebolla,2
cebolla blanca destrozado,cebolla,2
cascara de naranja,cascara de naranja,2
cascara de mandarina,cascara de mandarina,2
carne ver receta de carne aqui,carne ver receta de carne aqui,2
platanos maduros pelados enteros,platano,2
platanos maduros con cascara lavados y,platano,2
platanos maduros,platano,2
platanos grandes muy maduros,platano,2
platanos bien maduros pelados y,platano,2
platano de de 12 pulgadas de largo o papel de aluminio,platano,2
carne de falda de carne en porciones iguales,carne de falda de carne en porcion igual,2
carne para asar,carne para asar,2
carne o ropa vieja receta aqui,carne o ropa vieja receta aqui,2
pimienton,pimienton,2
pimienta recien,pimienta recien,2
cebolla y cilantro rojos para adornar,cebolla,2
"cebolla roja pequena, finas",cebolla,2
cebolla roja finas,cebolla,2
cebolla roja en tajadas delgadas,cebolla,2
cebolla larga parte verde solamente,cebolla larga,2
cebolla finas,cebolla,2
"cebolla blanca,",cebolla,2
cebolllas largas,cebollla larga,2
cebollas,cebolla,2
pescado,pescado,2
pequenos de chicharron de cerdo,chicharron de cerdo,2
"pepino,",pepino,2
pepino y,pepino,2
polvo de achiote o color,achiote,2
pollo entero,pollo entero,2
platanos verdes pelados y pequenos,platano,2
platanos verdes pelados,platano,2
camarones pelados y limpios,camaron,2
camarones pelados y desvenados,camaron,2
platanos muy maduros pelados,platano,2
platanos maduros pelados y en pure,platano,2
pepino ingles,pepino ingl,2
pepino,pepino,2
"pechugas de pollo con hueso, piel",pechuga de pollo con hueso piel,2
pechugas de pollo con hueso y,pechuga de pollo con hueso,2
patacones para servir,patacon para servir,2
"pasta de guayaba bocadillo,",pasta de guayaba bocadillo,2
pasta de guayaba bocadillo,pasta de guayaba bocadillo,2
"chocolate dulce, afeitado y dividido",chocolate dulce afeitado y dividido,2
chile jalapeno,chile jalapeno,2
chile en polvo,chile en polvo,2
cafe o espresso muy fuerte,cafe o espresso muy fuerte,2
cafe instantaneo,cafe instantaneo,2
queso freso mexicano o quesito colombiano,queso freso mexicano o quesito colombiano,2
queso feta o queso costeno,queso feta o queso costeno,2
queso costeno o feta,queso costeno o feta,2
queso blanco para freir en 4 palos de 1/2 pulgada,queso para freir en 4 palo de 1 2 pulgada,2
pulpa mora,pulpa mora,2
pulpa de maracuya,pulpa de maracuya,2
camarones cocinados,camaron,2
camarones cocidos,camaron,2
champinones portobello,champinon portobello,2
cerveza oscura,cerveza oscura,2
cerezas,cereza,2
chuletas de cerdo,chuleta de cerdo,2
chorizos colombianos cocinados,chorizo colombiano cocinado,2
chorizo y cocinado,chorizo y cocinado,2
chorizo o tocineta,chorizo o tocineta,2
papas rojas peladas y,papa,2
papas pequenas amarillas peladas y por la,papa,2
queso o quesito colombiano,queso o quesito colombiano,2
queso o quesito,queso o quesito,2
queso mozzarella o,queso mozzarella,2
queso mozzarella 2 pulgadas de espesor,queso mozzarella,2
caldo de pollo o vegetales,caldo de pollo,2
caldo de pollo o de verduras,caldo de pollo,2
calabaza y,calabaza,2
papas medianas peladas y,papa,2
papas grandes peladas y pequeunos,papa,2
clavo de olor,clavo de olor,2
clavo,clavo,2
cilantro y mas para servir,cilantro,2
cilantro y mas,cilantro,2
papas grandes peladas cocidas y,papa,2
papas grandes peladas,papa,2
"barra de mantequilla 1/4, y pequenos",barra de mantequilla 1 4,2
bananos maduros grandes pelados y,banano maduro,2
bananos firmes y pelados,banano firm,2
azuucar morena o panela,azuucar morena o panela,2
azucar y mas,azucar y mas,2
cabezas de lechuga romana,cabeza de lechuga romana,2
cabeza de lechuga romana,cabeza de lechuga romana,2
brevas o higos frescos y firmes,breva o higo y firm,2
brevas caladas,breva calada,2
blanco o queso mozarella rebanadas,queso mozarella rebanada,2
rebanadas de banano,rebanada de banano,2
papas fritas para servir,papa,2
papas cocinadas y,papa,2
papas blancas medianas peladas y por la,papa,2
papas amarillas medianas peladas y,papa,2
costillas de cerdo pequenos,costilla de cerdo,2
costillas de cerdo,costilla de cerdo,2
cola de res,cola de res,2
pan con mantequilla para servir,pan con mantequilla para servir,2
azucar 1 poco mas para adornar,azucar 1 poco mas para adornar,2
ron oscuro,ron oscuro,2
repollo,repollo,2
remolachas,remolacha,2
receta de carne o ropa vieja ver la receta aqui,receta de carne o ropa vieja ver la receta aqui,2
berenjena peladas y,berenjena,2
barras de mantequilla sin sal,barra de mantequilla sin sal,2
ojuelas de avena,ojuela de avena,2
o rebanadas de pasta de guayaba o bocadillo,rebanada de pasta de guayaba o bocadillo,2
naranjas peladas,naranja,2
cuarto de cucharadita de achiote,achiote,2
crema de coco,crema de coco,2
migas de pan,miga de pan,2
mermelada de bayas o tu sabor favorito,mermelada de baya o tu sabor favorito,2
salsa de alinos ver la receta,salsa de alino ver la receta,2
salsa de alinos receta aqui,salsa de alino receta aqui,2
azucar o a su gusto,azucar o a su gusto,2
azucar morena,azucar,2
azucar granulada,azucar granulada,2
azucar 2 cucharadas,azucar 2 cucharada,2
mazorcas de maiz en 3 piezas,mazorca de maiz en 3 pieza,2
mazorcas de maiz,mazorca de maiz,2
cucharaditas de extracto,cucharadita de extracto,2
cucahradita de extracto de vainilla,cucahradita de extracto de vainilla,2
cubierta,cubierta,2
cuarto de taza de queso mozzarella o queso blanco,queso mozzarella,2
masarepa o harina de maiz para arepas,harina de arepa,2
masa de hojaldre descongelada,masa de hojaldre descongelada,2
mas 4 cucharadas de agua,mas 4 cucharada de agua,2
mantequilla suave 1 poco mas para cocinar,mantequilla suave 1 poco mas para cocinar,2
sandia y,sandia,2
saly pimienta recien,saly pimienta recien,2
salsa negra,salsa negra,2
atun de buena calidad,atun de buena calidad,2
atun,atun,2
arvejas frescas o congeladas,arveja o congelada,2
arvejas cocinadas,arveja cocinada,2
arvejas cocidas,arveja,2
salsa de aliunos ver receta aqui,salsa de aliuno ver receta aqui,2
mantequilla para cocinar las arepas,mantequilla para cocinar las arepa,2
el jugo de 4 limones,jugo de 4 limon,2
dulce quemado o melaza,dulce quemado o melaza,2
mani,mani,2
mangos pelados y,mango,2
mango,mango,2
tableta de caldo de carne,caldo de carne,2
sopera de aceite de oliva,aceite de oliva,2
sobrebarriga,sobrebarriga,2
arroz de grano largo,arroz de grano largo,2
arroz crudo,arroz crudo,2
arepas delgadas,arepa delgada,2
arepas cocidas,arepa,2
frijoles antiquenos cocinados ver receta aqui,frijol,2
fresas frescas lavadas y por la,fresa y por,2
extracto de vainilla 1 cucharadita,extracto de vainilla 1 cucharadita,2
maicena,maicena,2
lomo de cerdo,lomo de cerdo,2
limuon para servir,limuon para servir,2
limones,limon,2
limon,limon,2
"aguacates pequenos,",aguacat,2
aguacates pequenos pelados y,aguacat,2
tocino de cerdo carnudos lavados y,tocino de cerdo carnudo,2
to mates grandes,to mat,2
to mates,to mat,2
arepas,arepa,2
almidon de yuca o harina de yuca,yuca,2
almidon de yuca,yuca,2
alinos,alino,2
"ajo,",ajo,2
ajo rebanados,ajo rebanado,2
taza de azucar,taza de azucar,2
levadura de crecimiento rapido,levadura de crecimiento rapido,2
lechuga para servir,lechuga para servir,2
leche ron o aguardiente,leche ron o aguardiente,2
galon de leche entera,galon de leche entera,2
"fruta surtida como pina, papaya, sandia, mango, manzana, banano, fresas y las uvas rojas sin semillas, pequenos.",papa,2
frijoles de cabecita negra remojados en agua.,frijol,2
leche de coco espesa,leche de coco espesa,2
leche condensada dulce,leche condensada dulce,2
leche condensada a tu gusto,leche condensada a tu gusto,2
harina de maiz amarilla pre masarepa,harina de arepa,2
harina de arepa blanca o amarilla,harina de arepa,2
habichuelas,habichuela,2
habas,haba,2
guacamole receta aqui,guacamole receta aqui,2
guacamole para servir receta aqui,guacamole para servir receta aqui,2
grosellas o uchuvas lavadas,grosella o uchuva,2
jugo de sandia o colombiana.,jugo de sandia o colombiana,2
jugo de naranja natural,jugo de naranja natural,2
tomates uva a la,tomate,2
tomates pelados y,tomate,2
"tomates maduros grandes,",tomate,2
tomates maduros,tomate,2
aji picante,aji picante,2
aji para servir receta aqui,aji para servir receta aqui,2
aji amarillo peruano o 1/2 habanero,aji peruano o 1 2 habanero,2
aguardiente o 1 cucharadita de extracto de anis,aguardiente o 1 cucharadita de extracto de anis,2
jugo de mango,jugo de mango,2
jugo de mandarina,jugo de mandarina,2
jugo de 2 limones,jugo de 2 limon,2
harina para todo uso cernida,harina para todo uso cernida,2
harina para arepas,harina de arepa,2
harina de trigo o para todo uso,harina de trigo o para todo uso,2
harina de trigo dividida,harina de trigo dividida,2
harina de todo uso,harina de todo uso,2
vinagre de vino tinto,vinagre de vino tinto,2
"verduras mixtas arvejas, zanahoria y maiz cocinadas",zanahoria,2
aguacates maduros pero firmes,aguacat maduro pero firm,2
aguacates maduros pequeunos,aguacat maduro pequeuno,2
aguacates maduros,aguacat maduro,2
aguacate de 1/2 pulgada,aguacate de 1 2 pulgada,2
vegetal o aceite de canola para freir,vegetal o aceite de canola para freir,2
uvas pasas,uvas pasa,2
aceite en aerosol,aceite en aerosol,2
aceite de canola o vegetal para freir,aceite de canola o vegetal para freir,2
a 3 libras de costillas de cerdo o carne de cerdo,carne de cerdo,2
agua de coco,agua de coco,2
agua con gas o agua helada,agua con gas o agua helada,2
aderezo kraft de mango y chipotle,aderezo kraft de mango y chipotle,2
vino de oporto,vino de oporto,2
jugo de 1/2 lima,jugo de 1 2 lima,2
huevos fritos soleado hacia arriba o huevos con tomate y cebolla,cebolla,2
huevos fritos,huevo frito,2
huevos cocidos,huevo,2
huevos batidos con 1 cucharada de agua,huevo batido con 1 cucharada de agua,2
hogao ver receta,hogao ver receta,2
hogao para servir receta aqui,hogao para servir receta aqui,2
zanahorias cocinadas y,zanahoria,2
zanahorias cocinadas,zanahoria,2
1/2 tazas almidon de yuca,yuca,2
zanahorias peladas y partidas,zanahoria,2
6 oz de atun,6 oz de atun,2
"1 libra de hojaldre, descongelado",1 libra de hojaldre descongelado,2
2 barras de mantequilla,2 barra de mantequilla,2
. mas 4 cucharadas de agua,mas 4 cucharada de agua,2
zumo de 1 limon,zumo de 1 limon,1
1/4 tazas de harina para todo uso,1 4 taza de harina para todo uso,1
12 onzas de leche condensada,12 onza de leche condensada,1
"13,5 oz de leche de coco",13 5 oz de leche de coco,1
13.5 onzas de leche de coco o,13 5 onza de leche de coco,1
"14 onzas lata de corazones de palmas,",14 onza lata de corazon de palma,1
15.5 oz de maiz pelao,15 5 oz de maiz pelao,1
15.5 oz hominy o maiz pelao amarillo,15 5 oz hominy o maiz pelao,1
2 cucharadas de fecula de maiz,2 cucharada de fecula de maiz,1
2 libra de rabo o cola de res,2 libra de rabo o cola de res,1
20 oz de pina sin el jarabe,20 oz de pina sin el jarabe,1
a 1 taza de azuucar o a su gusto,a 1 taza de azuucar o a su gusto,1
a 3 libras de cola de res,a 3 libra de cola de res,1
agua o 2 tazas de pollo o caldo de verduras,agua o 2 taza de pollo o caldo de verdura,1
agua mas si es necesario,agua mas si es necesario,1
aderezo kraft balsamico dulce,aderezo kraft balsamico dulce,1
achiote o sazon con color,achiote,1
aceitunas rellenas espaunolas a la,aceituna rellena espaunola a,1
aceite vegetal y mas para engrasar el recipiente,aceite vegetal,1
aceite vegetal o de oliva,aceite vegetal,1
aceite vegetal o de canola para freir,aceite vegetal,1
y 1/2 tazas de arroz blanco,1 2 taza de arroz,1
y 1/2 tazas de agua,1 2 taza de agua,1
y 1/2 taza de queso parmigiano reggiano,1 2 taza de queso parmigiano reggiano,1
y 1/2 cucharada de azucar,1 2 cucharada de azucar,1
vodka o,vodka,1
vino rojo,vino,1
vino dulce brandy o ron,vino dulce brandy o ron,1
vinagre blanco 1 cucharada,vinagre 1 cucharada,1
jugo de 1/2 limon,jugo de 1 2 limon,1
harina precocida de maiz amarillo,harina precocida de maiz,1
harina de maiz precocida amarilla masarepa,harina de arepa,1
harina de maiz precocida amarilla,harina de maiz precocida,1
harina de maiz blanco o masarepa,harina de arepa,1
jengibre,jengibre,1
huevos grandes batidos,huevo batido,1
huevos duros,huevo duro,1
huevos cocinados duros,huevo cocinado duro,1
hojas de acelga en pequenos pedazos,hoja de acelga en pedazo,1
hojaldre congelado descongelado,hojaldre congelado descongelado,1
hogao ver receta aqui,hogao ver receta aqui,1
hogao vea la receta aqui,hogao vea la receta aqui,1
hogao salsa criolla colombiana,hogao salsa criolla colombiana,1
helado de vainilla,helado de vainilla,1
huevo duro,huevo duro,1
la cascara de 1 pina,cascara de 1 pina,1
habichuelas verdes en tamano de bocado,habichuela en tamano de bocado,1
habichuelas verdes en pedazos pequenos,habichuela en pedazo,1
habichuelas verdes congeladasy,habichuela congeladasy,1
guascas,guasca,1
guandu o congelado,guandu o congelado,1
guacamole para servir,guacamole para servir,1
guacamole,guacamole,1
jugo de1 limon,jugo de1 limon,1
jugo de pina,jugo de pina,1
jugo de naranja agria,jugo de naranja agria,1
jugo de limon recien exprimido,jugo de limon recien exprimido,1
jugo de limon dividido,jugo de limon dividido,1
jugo de dos limones,jugo de dos limon,1
jugo de carne,jugo de carne,1
jugo de 3 limones o a tu gusto.,jugo de 3 limon o a tu gusto,1
granos de maiz congelados,grano de maiz congelado,1
granos de maiz congelado o,grano de maiz congelado,1
grandes pechugas de pollo con hueso,pechuga de pollo con hueso,1
gelatina sin sabor,gelatina sin sabor,1
gaseosa colombiana,gaseosa colombiana,1
garbanzos remojados durante la noche,garbanzo remojado durante la noche,1
galon de leche entera prefereblimente organica,galon de leche entera prefereblimente organica,1
frijoles rojos remojados durante la noche,frijol,1
frijoles cargamanto secos remojados durante la noche,frijol,1
frijoles cargamanto o pintos,frijol,1
leche en polvo,leche en polvo,1
leche de coco o enlatada,leche de coco o enlatada,1
leche de coco enlatada,leche de coco enlatada,1
leche condensada o mas a su gusto,leche condensada o mas a su gusto,1
leche condensada o a tu gusto,leche condensada o a tu gusto,1
la cerveza,cerveza,1
lomo de res,lomo de res,1
lomo de cerdo o paletilla de cerdo,lomo de cerdo o paletilla de cerdo,1
lomo de cerdo de 3 a 4 libras,lomo de cerdo de 3 a 4 libra,1
lomo de cerdo ancho,lomo de cerdo ancho,1
limones organicos lavados,limon organico,1
limon y aji para servir,limon y aji para servir,1
limon para servir,limon para servir,1
levadura instantanea,levadura instantanea,1
lentejas secas,lenteja,1
lentejas lavadas,lenteja,1
lengua de res de 3 a 4 libras,lengua de res de 3 a 4 libra,1
lechuga y galletas saladas para servir,lechuga y galleta salada para servir,1
leche para servir,leche para servir,1
leche o muas si es necesario,leche o muas si es necesario,1
leche o a tu gusto,leche o a tu gusto,1
green plantains peeled and cut crosswise into 2 inch pieces,green plantain peeled and cut crosswise into 2 inch piec,1
maiz congelado,maiz congelado,1
frijoles canarios secos remojados durante la noche,frijol,1
frijoles canarios cocidos,frijol,1
frijoles antioquenos,frijol,1
frijol canario remojados durante la noche,frijol,1
fresas por la,fresa por,1
fresas frescas,fresa,1
frambuesas,frambuesa,1
fideos en pedazos pequenos,fideo en pedazo,1
fecula de maiz o maizena,fecula de maiz o maizena,1
maiz amarillo agrietada,maiz agrietada,1
maiz,maiz,1
maicena o almidon de maiz,maicena o almidon de maiz,1
mahimahi bacalao o su pescado favorito,mahimahi bacalao o su pescado favorito,1
mahi mahi en pequenos,mahi mahi,1
lulos pelados y en pure,lulo y en pure,1
espinazo de cerdo o costillas de cerdo en pedazos,espinazo de cerdo o costilla de cerdo en pedazo,1
ensalada de col,ensalada de col,1
el jugo de 3 limones grandes,jugo de 3 limon,1
el jugo de 3 limones,jugo de 3 limon,1
el jugo de 2 limones dividido,jugo de 2 limon dividido,1
el aceite de oliva para asar la carne,aceite de oliva,1
ears fresh corn cut into 3 pieces,ears fresh corn cut into 3 piec,1
dulce de leche o arequipe,dulce de leche o arequipe,1
dulce de leche o a su gusto y mas para servir,dulce de leche o a su gusto y mas para servir,1
manteca de cerdo,manteca de cerdo,1
mangos maduros pelados y,mango maduro,1
mango y,mango,1
maiz peto remojado durante la noche,maiz peto remojado durante la noche,1
maiz peto,maiz peto,1
maiz o papel de aluminio para envolver,maiz o papel de aluminio para envolver,1
maiz de maiz,maiz de maiz,1
"mazorcas de maiz fresco,",mazorca de maiz,1
mazorcas de maiz desgranadas,mazorca de maiz desgranada,1
docenas de huevos de codorniz,docena de huevo de codorniz,1
dip roasted red pepper and onion dip robert rothschild farms,dip roasted red pepper and onion dip robert rothschild farm,1
de14 oz de leche de coco,de14 oz de leche de coco,1
cups of water,cups of water,1
cup chopped fresh cilantro,cilantro,1
cup alinos,cup alino,1
cuarto de taza de vinagre blanco,cuarto de taza de vinagre,1
cuarto de taza de pimienton rojo,pimienton rojo,1
cuarto de taza de leche,cuarto de taza de leche,1
cuarto de taza de cilantro,cilantro,1
cuarto de taza de aceitunas verdes,cuarto de taza de aceituna,1
cuarto de cucharadita de pimienta,cuarto de cucharadita de pimienta,1
"masarepa o harina de maiz blanco precocida, tamizada",harina de arepa,1
mantequilla y mas para engrasar los moldes,mantequilla y mas para engrasar los mold,1
cuajada,cuajada,1
crema espesa y mas para servir,crema espesa y mas para servir,1
crema espesa y 1 poco mas,crema espesa y 1 poco mas,1
crema espesa para servir,crema espesa para servir,1
crema espesa,crema espesa,1
crema agria,crema agria,1
costillas o hueso de cerdo,costilla o hueso de cerdo,1
costillas o de carne de res para estofado,carne de res,1
costillas de de cerdo sin hueso y,costilla de de cerdo sin hueso,1
moras,mora,1
mondongo o callo pequenos,mondongo o callo,1
miel,miel,1
menta,menta,1
medium white potatoes peeled and cut in half,medium white potato peeled and cut in half,1
mazorcas de maiz o granos,mazorca de maiz o grano,1
"mazorcas de maiz fresco, en 2 piezas",mazorca de maiz en 2 pieza,1
panela o azucar morena a su gusto,panela o azucar morena a su gusto,1
panela o a su gusto,panela o a su gusto,1
pan blanco,pan,1
palo de canela,palo de canela,1
oruegano,oruegano,1
o 16 oz de panela o,16 oz de panela,1
naranjo o 1 cucharadita de de naranja,naranjo o 1 cucharadita de de naranja,1
name alrededor de 3 libras pelados y,name alrededor de 3 libra,1
muslos de pollo sin la piel,pollo,1
muslos de pollo sin hueso y,pollo,1
muslos de pollo o 4 pechugas,pollo,1
muslos de pollo con piel,pollo,1
muslos de pollo con hueso y piel,pollo,1
muchacho posta o capon de 3 a 4 libras entero,muchacho posta o capon de 3 a 4 libra entero,1
mostaza de dijon,mostaza de dijon,1
cuarto de cucharadita de comino,comino,1
papas,papa,1
costillas de cerdo o espinazos,costilla de cerdo o espinazo,1
costillas de cerdo o espinazo de cerdo,costilla de cerdo o espinazo de cerdo,1
costillas de cerdo o chuletas de cerdo,costilla de cerdo o chuleta de cerdo,1
costillas de cerdo o carne de cerdo,carne de cerdo,1
corazones grandes de alcachofas congeladas o frescas,corazon de alcachofa congelada,1
comino y sal y pimienta,comino,1
comino en polvo 1/2 cucharadita,comino,1
color o achiote,achiote,1
color achiote o sazon goya con azafran,achiote,1
color,color,1
coco o comprado,coco o comprado,1
papa blanca,papa,1
panes para perros,pan para perro,1
panela o guayaba pasta para servir,panela o guayaba pasta para servir,1
panela o azucar morena o a su gusto,panela o azucar morena o a su gusto,1
papas medianas peladas,papa,1
papas medianas,papa,1
clavos molidos,clavo,1
clavos enteros,clavo entero,1
clavos de olor,clavo de olor,1
claras de huevos grandes a temperatura ambiente,clara de huevo a temperatura ambiente,1
clara de huevo ligeramente,clara de huevo ligeramente,1
papas en cuatro cada una,papa,1
papas en 1 y 1/2 de pulgada,papa,1
papas blancas peladas y partidas,papa,1
papas blancas peladas y,papa,1
"papas blancas medianas, peladas y",papa,1
papas blancas medianas peladas y,papa,1
papas blancas medianas,papa,1
papas amarillas pequenas o papa criolla,papa criolla,1
papas amarillas peladas y,papa,1
papas rojas pequeunas parcialmente peladas,papa,1
papas rojas pequenas lavadas y sin pelar,papa,1
papas rojas pequenas,papa,1
"papas rojas medianas, peladas y",papa,1
papas rojas medianas peladas parcialmente,papa,1
papas rojas grandes peladas y,papa,1
papas pequeunas peladas y,papa,1
papas pequeunas peladas,papa,1
"papas pequenas enteras, peladas",papa,1
papas pequenas enteras peladas,papa,1
papas pequenas amarillas,papa,1
papas pequenas,papa,1
papas peladas y por la,papa,1
papas peladas y en 1 y 1/2 pulgadas piezas,papa,1
"papas medianas, peladas y a la",papa,1
papas medianas peladas y en pedazos,papa,1
cilantro con tallos,cilantro,1
chuletas de cerdo con hueso,chuleta de cerdo con hueso,1
chuleta valluna,chuleta valluna,1
chorizos o salchicha ahumada cortdos,chorizo o salchicha ahumada cortdo,1
chorizos desmenuzados,chorizo desmenuzado,1
chorizos colombianos,chorizo colombiano,1
chorizos cocidos,chorizo,1
chorizos,chorizo,1
chorizo para servir,chorizo para servir,1
chorizo,chorizo,1
chocolate semi dulce,chocolate semi dulce,1
pasta de cabello de angel en pedazos de 1 1/2 pulgadas,pasta de cabello de angel en pedazo de 1 1 2 pulgada,1
pasta corta codos o su favorito,pasta corta codo o su favorito,1
pasas a su gusto,pasa a su gusto,1
para servir chorizo aguacate o frijoles,frijol,1
para el lomo de cerdo,el lomo de cerdo,1
perejil con tallos,perejil con tallo,1
pedazos de yuca,yuca,1
"pechugas de pollo,con hueso y",pechuga de pollo con hueso,1
pechugas de pollo sin hueso y,pechuga de pollo sin hueso,1
pechugas de pollo deshuesadas y,pechuga de pollo deshuesada,1
pechugas de pollo con hueso y con piel,pechuga de pollo con hueso y con piel,1
pechugas de pollo con hueso 8 y muslos de pollo o las piernas,pollo,1
pechugas de pollo cocinado y,pechuga de pollo cocinado,1
patatas grandes peladas y cocidas,patata,1
patacones cocidos tostones,patacon toston,1
pasta penne,pasta penne,1
chocolate negro,chocolate negro,1
chocolate colombiano,chocolate colombiano,1
chips de chocolate,chip de chocolate,1
chicken bouillon cubes,chicken bouillon cub,1
champinones,champinon,1
cebollin dividido,cebollin dividido,1
cebolletas,cebolleta,1
cebollas verdes pequeunos,cebolla,1
cebollas verdes,cebolla,1
cebollas pequenas finas,cebolla,1
cebollas medianas,cebolla,1
cebollas largas solo parte blanca,cebolla,1
cebollas largas enteras,cebolla,1
cebollas largas en 2 pulgadas de largo,cebolla,1
cebollas larga en pedazos,cebolla,1
cebollas grandes cuarteadas,cebolla,1
cebollas blancas grandes,cebolla,1
pez espada o cualquier otro pescado firme medianos,pez espada o cualquier otro pescado firme,1
pescados,pescado,1
"pescado blanco pequenos halibut, tilapia o mahi mahi",pescado halibut tilapia o mahi mahi,1
perejil o cilantro,cilantro,1
carne salada,carne salada,1
carne para guiso,carne para guiso,1
carne para estofado,carne para estofado,1
pimentuon rojo,pimentuon,1
pimenton rojo en tiras delgadas,pimenton en tira delgada,1
pimenton amarillo,pimenton,1
piernas de pollo con hueso y la piel o pechugas de pollo,pierna de pollo con hueso y la piel o pechuga de pollo,1
pierna de cerdo con hueso o pernil de 10 a 12 libras,pierna de cerdo con hueso o pernil de 10 a 12 libra,1
piel de cerdo pieles,piel de cerdo piel,1
pezunas de cerdo,pezuna de cerdo,1
pezuna de cerdo,pezuna de cerdo,1
cebolla por la,cebolla,1
cebolla larga y mas para adornar,cebolla larga,1
cebolla larga para adornar,cebolla larga,1
cebolla de verde,cebolla,1
cebolla de rama,cebolla,1
carne de posta,carne de posta,1
carne de falda o,carne de falda,1
carne de cerdo pequeunos,carne de cerdo,1
carne de cerdo o costillas de cerdo,carne de cerdo,1
pita para amarrar los tamales,pita para amarrar los tamal,1
pinones,pinon,1
pina y de tamano,pina y de tamano,1
"pina pelada, de tamauno 1/2",pina de tamauno 1 2,1
pina para adornar,pina para adornar,1
pimientuon rojo,pimientuon,1
pimientuon,pimientuon,1
pimienton rojo dulce,pimienton rojo,1
cebolla blanca grandes,cebolla,1
cebolla amarilla,cebolla,1
cebada y remojada,cebada y remojada,1
carne tabla o falda,carne tabla o falda,1
carne de cerdo en 12 pedazos,carne de cerdo,1
carne de cerdo,carne de cerdo,1
"carne de bistec falda, en 4 porciones iguales",carne de bistec falda en 4 porcion igual,1
carne cerdo,carne cerdo,1
canela en polvo para servir,canela en polvo para servir,1
camarun y desvenado,camarun y desvenado,1
camarones pelados y,camaron,1
camarones medianos limpios y desvenados,camaron,1
camarones jumbo pelados y limpios,camaron,1
platano verde pequenos,platano,1
carne molida de cerdo y carne de res,carne de res,1
carne en polvo ver receta aqui,carne en polvo ver receta aqui,1
carne en polvo,carne en polvo,1
carne de sobrebarriga,carne de sobrebarriga,1
carne de res para guiso pequenos,carne de res,1
carne de res con sal,carne de res,1
caldo de verduras pollo de carne,caldo de verdura pollo de carne,1
caldo de verduras o de pollo,caldo de verdura o de pollo,1
caldo de verduras,caldo de verdura,1
caldo de res o pollo,caldo de res o pollo,1
caldo de pollo y mas si es necesario,caldo de pollo,1
polvo de ajo,polvo de ajo,1
polvo de achiote,achiote,1
pollo entero alrededor de 5 libras,pollo entero alrededor de 5 libra,1
pluatanos verdes pelados y grandes,pluatano,1
"platanos verdes, pelados y transversalmente en pedazos de 2 pulgadas",platano,1
platanos verdes pelados y transversalmente en pedazos de 2 pulgadas,platano,1
platanos verdes pelados y en tercios,platano,1
platanos verdes peladas y transversalmente en pedazos,platano,1
platanos verdes peladas y transversalmente,platano,1
platanos verdes peladas y,platano,1
carne de cerdo o costillas,carne de cerdo,1
caldo de camaron,camaron,1
calabazas medianas lavadas,calabaza,1
cafe instantaneo de buena calidad,cafe instantaneo de buena calidad,1
queso cheddar,queso cheddar,1
queso blanco,queso,1
pound frozen yuca cut into big pieces,yuca,1
"posta o muchacho de 3 a 4 libras, gruesas",posta o muchacho de 3 a 4 libra gruesa,1
polvo de comino,comino,1
camaron y desvenado,camaron,1
camaron sin pelar,camaron,1
"callos de res mondongo, pequeunos",callo de res mondongo pequeuno,1
callo o menudo,callo o menudo,1
caldo verduras o caldo de pollo,caldo de pollo,1
caldo verduras o caldo de pescado,caldo verdura o caldo de pescado,1
"caldo pollo carne o de verduras, o mas si es necesario",caldo pollo carne o de verdura o mas si es necesario,1
caldo pollo carne de res o de verduras,carne de res,1
brocoli cocinado,brocoli cocinado,1
brocoli,brocoli,1
brandy o ron a su gusto,brandy o ron a su gusto,1
bolsa de papas fritas trituradas,papa,1
bocadillo,bocadillo,1
bistec de falda y en 4 porciones iguales,bistec de falda y en 4 porcion igual,1
queso y 1 poco muas para servir,queso y 1 poco muas para servir,1
queso parmesano o semillas de sesamo,queso parmesano,1
queso parmesano,queso parmesano,1
queso o queso costeno,queso o queso costeno,1
caldo de pollo verduras o de carne,caldo de pollo,1
caldo de pollo o vegetal,caldo de pollo,1
caldo de pollo o de res,caldo de pollo,1
caldo de pollo o carne de res,caldo de pollo,1
caldo de pescado,caldo de pescado,1
caldo de carne o vegetales,caldo de carne,1
azucar o el gusto,azucar o el gusto,1
azucar en polvo dividida,azucar en polvo dividida,1
azucar el pocillo,azucar el pocillo,1
ron o,ron,1
ron blanco a tu gusto,ron a tu gusto,1
ron a su gusto yo uso 1 taza de ron para mi receta y mi mama utiliza alrededor de 2 tazas para la de ella.,ron a su gusto yo uso 1 taza de ron para mi receta y mi mama utiliza alrededor de 2 taza para la de ella,1
ron a su gusto,ron a su gusto,1
res,res,1
relleno,relleno,1
big whole chicken,big whole chicken,1
batata y,batata,1
bacalao o trucha,bacalao o trucha,1
bacalao o pescado salado,bacalao o pescado salado,1
azuucar a su gusto,azuucar a su gusto,1
cafe fuerte,cafe fuerte,1
cafe elaborado cerveza oscuro,cafe elaborado cerveza oscuro,1
arvejas frescos o congelados,arveja o congelado,1
arvejas congelados,arveja congelado,1
arvejas congeladas,arveja congelada,1
arvejas amarillas o verdes,arveja,1
arveja,arveja,1
arroz sin cocinar,arroz sin cocinar,1
salsa de hogao,salsa de hogao,1
salsa de aliunos receta aqui,salsa de aliuno receta aqui,1
salsa alinos ver receta aqui,salsa alino ver receta aqui,1
salsa alinos mira la receta,salsa alino mira la receta,1
salmon en 4 pedazos,salmon en 4 pedazo,1
salmon 4 a 6 oz cada uno,salmon 4 a 6 oz cada uno,1
"sal y pimienta,",sal y pimienta,1
sal y pimienta recien,sal y pimienta recien,1
azucar o miel a su gusto,azucar o miel a su gusto,1
azucar o mas si es necesario,azucar o mas si es necesario,1
sobrebarriga grandes,sobrebarriga,1
arroz de grano largo blanco,arroz de grano largo,1
arroz crudo enjuagado y,arroz crudo enjuagado,1
arroz cocinado,arroz cocinado,1
arroz blanco para servir,arroz para servir,1
arroz blanco cocinado,arroz cocinado,1
"arepas de maiz, cocinadas",arepa de maiz cocinada,1
arepas cocidas y,arepa,1
sazon con el color,sazon,1
sazon con azafran para el color,sazon con azafran para el color,1
sazon con achiote,achiote,1
salsa tabasco,salsa tabasco,1
salsa rosada receta aqui,salsa rosada receta aqui,1
salsa de hogao ver receta aqui,salsa de hogao ver receta aqui,1
azafran,azafran,1
arvejas recortadas,arveja recortada,1
almidon de maiz o maizena,almidon de maiz o maizena,1
almejas littleneck limpias,almeja littleneck,1
alcaparras para servir,alcaparra para servir,1
alcaparras,alcaparra,1
albahaca,albahaca,1
ajo triturados,ajo triturado,1
ajo pelados,ajo,1
tazas de tomate,tomate,1
taza de queso o queso campesino,taza de queso o queso campesino,1
taza de azucar granulada,taza de azucar granulada,1
tableta de caldo pollo o vegetales,tableta de caldo pollo o vegetal,1
tableta de caldo de verduras o pollo,tableta de caldo de verdura o pollo,1
tableta de caldo de res,tableta de caldo de res,1
tableta de caldo de pescado,tableta de caldo de pescado,1
solomito o lomo de 1/2 pulgadas,solomito o lomo de 1 2 pulgada,1
solomito o falda y pequeunos,solomito o falda y pequeuno,1
"ahuyamas o calabazas medianas peladas, y",ahuyama o calabaza,1
aguardiente colombiano,aguardiente colombiano,1
aguapanela,aguapanela,1
tocino de cerdo pequenos,tocino de cerdo,1
tocino carnudo en 12 pedazos,tocino carnudo en 12 pedazo,1
to rtillas de maiz,to rtilla de maiz,1
to mates pequenos pelados y,to mat,1
to mates medianos,to mat,1
to mates maduros,to mat maduro,1
to mates de arbol pelados,to mat de arbol,1
tilapias pequenas o pargo rojo limpios,tilapia o pargo,1
tercio de taza de cilantro,cilantro,1
tequila o,tequila,1
teaspoon salt,teaspoon salt,1
teaspoon ground pepper,teaspoon ground pepper,1
arepas asadas,arepa asada,1
vieiras,vieira,1
"vegetales mixtos congelados maiz habichuelas, arverjas y zanahorias",zanahoria,1
aguacates maduros pequenos,aguacat maduro,1
aguacates maduros pelados y machacados,aguacat maduro y machacado,1
aguacates,aguacat,1
aguacate y salsa picante para servir,aguacate y salsa picante para servir,1
aguacate y picado.,aguacate,1
agua y sal para cocinar los tamales,agua y sal para cocinar los tamal,1
agua o a su gusto,agua o a su gusto,1
uchuvas,uchuva,1
tomates triturados,tomate,1
tomates de arbol o tamarillo,tomate,1
tomate y,tomate,1
ajo enteros,ajo entero,1
aji picante rojo,aji picante,1
aji dulce,aji dulce,1
yuca y pequenos,yuca,1
1/2 libra de yuca congelada o,yuca,1
1/4 cucharadita de sal,1 4 cucharadita de sal,1
yuca congeladas grandes,yuca,1
yemas de huevo batidas,yema de huevo batida,1
y 1/4 tazas de maicena,1 4 taza de maicena,1
y 1/2 tazas de hielo,1 2 taza de hielo,1
y 1/2 tazas de cebolla larga,cebolla larga,1
aceite vegetal o de canola para cocinar el pescado,aceite vegetal,1
aceite vegetal o canola,aceite vegetal,1
aceite para cocinar a las albondigas,aceite para cocinar a las albondiga,1
aceite en spray para cocinar,aceite en spray para cocinar,1
aceite en aerosol para preparar el pan,aceite en aerosol para preparar el pan,1
aceite en aerosol para cocinar el pollo,aceite en aerosol para cocinar el pollo,1
aceite de canola o vegetal,aceite de canola o vegetal,1
aceite canola o aceite vegetal,aceite vegetal,1
huevo con 1 cucharada de agua,huevo con 1 cucharada de agua,1
hojuelas de pimienton rojo,pimienton rojo,1
hojuelas de avena,hojuela de avena,1
hojas de platanos de 15 pulgadas de largo,platano,1
hojas de hojaldre congelado descongeladas,hoja de hojaldre congelado descongelada,1
hojas de cilantro ademas de mas para servir,cilantro,1
1/4 libras de pechugas de pollo,1 4 libra de pechuga de pollo,1
zanahorias medianas peladas y rebanadas,zanahoria,1
zanahorias grandes peladas y en tajadas,zanahoria,1
zanahorias grandes en tajadas,zanahoria,1
zanahorias grandes,zanahoria,1
zanahorias en rebanadas,zanahoria,1
zanahorias congeladas habichuelas y arvejas,zanahoria,1
zanahoria en tiras finas,zanahoria,1
zanahoria,zanahoria,1
"yuca, y grandes",yuca,1
